{
  "model_name": "baseline_cnn",
  "overall_metrics": {
    "accuracy": 0.6631617557158577,
    "precision_macro": 0.5691957122043856,
    "recall_macro": 0.5179319692566227,
    "f1_macro": 0.5020876331731289,
    "precision_weighted": 0.6668150895409175,
    "recall_weighted": 0.6631617557158577,
    "f1_weighted": 0.635702624531929
  },
  "per_class_metrics": {
    "0": {
      "precision": 0.7586206896551724,
      "recall": 0.23157894736842105,
      "f1": 0.3548387096774193,
      "support": 95
    },
    "1": {
      "precision": 0.6,
      "recall": 0.19148936170212766,
      "f1": 0.29032258064516125,
      "support": 94
    },
    "2": {
      "precision": 0.0,
      "recall": 0.0,
      "f1": 0.0,
      "support": 42
    },
    "3": {
      "precision": 0.593103448275862,
      "recall": 0.6935483870967742,
      "f1": 0.6394052044609665,
      "support": 248
    },
    "4": {
      "precision": 0.4731182795698925,
      "recall": 0.9734513274336283,
      "f1": 0.6367583212735167,
      "support": 226
    },
    "5": {
      "precision": 0.6282051282051282,
      "recall": 0.3081761006289308,
      "f1": 0.41350210970464135,
      "support": 159
    },
    "6": {
      "precision": 0.6341463414634146,
      "recall": 0.8062015503875969,
      "f1": 0.7098976109215017,
      "support": 129
    },
    "7": {
      "precision": 0.36,
      "recall": 0.11538461538461539,
      "f1": 0.17475728155339804,
      "support": 78
    },
    "8": {
      "precision": 0.8411214953271028,
      "recall": 1.0,
      "f1": 0.9137055837563453,
      "support": 180
    },
    "9": {
      "precision": 0.427536231884058,
      "recall": 0.7919463087248322,
      "f1": 0.5552941176470587,
      "support": 149
    },
    "10": {
      "precision": 0.9829545454545454,
      "recall": 0.9885714285714285,
      "f1": 0.9857549857549858,
      "support": 175
    },
    "11": {
      "precision": 0.6867469879518072,
      "recall": 0.3220338983050847,
      "f1": 0.43846153846153846,
      "support": 177
    },
    "12": {
      "precision": 0.5582191780821918,
      "recall": 0.7836538461538461,
      "f1": 0.652,
      "support": 208
    },
    "13": {
      "precision": 0.6781609195402298,
      "recall": 0.7283950617283951,
      "f1": 0.7023809523809522,
      "support": 162
    },
    "14": {
      "precision": 0.0,
      "recall": 0.0,
      "f1": 0.0,
      "support": 64
    },
    "15": {
      "precision": 0.935361216730038,
      "recall": 0.8923821039903265,
      "f1": 0.9133663366336634,
      "support": 827
    },
    "16": {
      "precision": 0.6860068259385665,
      "recall": 0.5809248554913294,
      "f1": 0.6291079812206571,
      "support": 346
    },
    "17": {
      "precision": 0.5285714285714286,
      "recall": 0.6727272727272727,
      "f1": 0.5920000000000001,
      "support": 55
    },
    "18": {
      "precision": 0.6181818181818182,
      "recall": 0.2251655629139073,
      "f1": 0.3300970873786408,
      "support": 151
    },
    "19": {
      "precision": 0.4424778761061947,
      "recall": 0.672645739910314,
      "f1": 0.5338078291814947,
      "support": 223
    },
    "20": {
      "precision": 0.4142857142857143,
      "recall": 0.9666666666666667,
      "f1": 0.5800000000000001,
      "support": 150
    },
    "21": {
      "precision": 0.609375,
      "recall": 0.26,
      "f1": 0.36448598130841126,
      "support": 150
    },
    "22": {
      "precision": 0.0,
      "recall": 0.0,
      "f1": 0.0,
      "support": 24
    },
    "23": {
      "precision": 0.2,
      "recall": 0.03508771929824561,
      "f1": 0.05970149253731343,
      "support": 57
    },
    "24": {
      "precision": 0.686829268292683,
      "recall": 0.9214659685863874,
      "f1": 0.7870318613750699,
      "support": 764
    },
    "25": {
      "precision": 0.7283018867924528,
      "recall": 0.6992753623188406,
      "f1": 0.7134935304990759,
      "support": 276
    },
    "26": {
      "precision": 0.5521472392638037,
      "recall": 0.5389221556886228,
      "f1": 0.5454545454545455,
      "support": 167
    },
    "27": {
      "precision": 0.5952380952380952,
      "recall": 0.36231884057971014,
      "f1": 0.4504504504504505,
      "support": 69
    },
    "28": {
      "precision": 0.6935483870967742,
      "recall": 0.671875,
      "f1": 0.6825396825396826,
      "support": 320
    },
    "29": {
      "precision": 1.0,
      "recall": 0.02,
      "f1": 0.0392156862745098,
      "support": 150
    },
    "30": {
      "precision": 0.5116279069767442,
      "recall": 0.30662020905923343,
      "f1": 0.38344226579520696,
      "support": 287
    },
    "31": {
      "precision": 0.47368421052631576,
      "recall": 0.3125,
      "f1": 0.37656903765690375,
      "support": 144
    },
    "32": {
      "precision": 0.5185185185185185,
      "recall": 0.36704119850187267,
      "f1": 0.4298245614035088,
      "support": 267
    },
    "33": {
      "precision": 0.5486111111111112,
      "recall": 0.626984126984127,
      "f1": 0.5851851851851853,
      "support": 252
    },
    "34": {
      "precision": 0.6511627906976745,
      "recall": 0.5283018867924528,
      "f1": 0.5833333333333333,
      "support": 212
    },
    "35": {
      "precision": 0.8254335260115607,
      "recall": 0.8869565217391304,
      "f1": 0.8550898203592815,
      "support": 805
    },
    "36": {
      "precision": 0.43902439024390244,
      "recall": 0.3157894736842105,
      "f1": 0.36734693877551017,
      "support": 57
    },
    "37": {
      "precision": 0.7491166077738516,
      "recall": 0.8833333333333333,
      "f1": 0.8107074569789675,
      "support": 240
    }
  }
}